wallet,network,token,value,from,to,hash,timestamp,price_usd,value_usd
0xb90839A51511042c69553AC4e60aa184449f5bc7,polygon,aPolUSDCn,24.993938,0x0000000000000000000000000000000000000000,0xb90839a51511042c69553ac4e60aa184449f5bc7,0xef443d857a43e0991757ba2544e6c1495307d95ee593dbf2c26d264c110e8cb1,2025-01-17T21:03:20.000000,0.999943206502137,24.99251850683561
0xb90839A51511042c69553AC4e60aa184449f5bc7,polygon,aPolUSDCn,24.993937,0xb90839a51511042c69553ac4e60aa184449f5bc7,0x0000000000000000000000000000000000000000,0x3f3451f946dfcde2d1ddb84343e4d23b1ba35edd727badd2492dc7f96eaa4fd0,2025-01-17T22:32:10.000000,0.999943206502137,24.9925175068924
0xb90839A51511042c69553AC4e60aa184449f5bc7,polygon,aPolUSDCn,1e-6,0xb90839a51511042c69553ac4e60aa184449f5bc7,0x0000000000000000000000000000000000000000,0xdd0e6ba373090573041b4962daae2dac70706295fd3857a37cce9430fde901e6,2025-01-17T22:41:00.000000,0.999943206502137,9.99943206502137e-7
0xb90839A51511042c69553AC4e60aa184449f5bc7,polygon,aPolUSDCn,24.989201,0x0000000000000000000000000000000000000000,0xb90839a51511042c69553ac4e60aa184449f5bc7,0x9fcaca374f62ffb243117b8b7f7909b166e1fdb44561aa786b32321da2f17fd5,2025-01-17T23:10:05.000000,0.999943206502137,24.98778177586641
0xb90839A51511042c69553AC4e60aa184449f5bc7,polygon,aPolUSDCn,24.989199,0xb90839a51511042c69553ac4e60aa184449f5bc7,0x0000000000000000000000000000000000000000,0x167df1c9f5e2e3f8be63ccdd71a65056103fc4a272dbc3d48645f670226e7cf7,2025-01-17T23:26:37.000000,0.999943206502137,24.987779775979995
0xb90839A51511042c69553AC4e60aa184449f5bc7,polygon,aPolUSDCn,24.98926,0x0000000000000000000000000000000000000000,0xb90839a51511042c69553ac4e60aa184449f5bc7,0x501ba21e8c4f61d86b10ba28ee1b06d8002cbdbe1747c9bac18c0a4bd96ad4ac,2025-01-17T23:35:33.000000,0.999943206502137,24.987840772515593
0xb90839A51511042c69553AC4e60aa184449f5bc7,polygon,aPolUSDCn,24.98926,0xb90839a51511042c69553ac4e60aa184449f5bc7,0x0000000000000000000000000000000000000000,0x66bdffd2256a6a4a6260a5c2b626c7653ed791ddd1307c444d0ba9a480743513,2025-01-18T02:17:21.000000,0.999943206502137,24.987840772515593
0xb90839A51511042c69553AC4e60aa184449f5bc7,polygon,aPolUSDCn,2e-6,0xb90839a51511042c69553ac4e60aa184449f5bc7,0x0000000000000000000000000000000000000000,0xdcedadae696575b1ad0e7b72770249888dde5f7db6d36ab11ebff34e4eb63aec,2025-01-18T02:26:23.000000,0.999943206502137,1.999886413004274e-6
0xb90839A51511042c69553AC4e60aa184449f5bc7,polygon,aPolUSDCn,24.982453,0x0000000000000000000000000000000000000000,0xb90839a51511042c69553ac4e60aa184449f5bc7,0xfd321a58afc8e47dd2358ec8a10794e66140b2b1d6609d97c9954a18fae34041,2025-01-18T09:57:30.000000,0.999943206502137,24.98103415910893
0xb90839A51511042c69553AC4e60aa184449f5bc7,polygon,aPolUSDCn,24.982452,0xb90839a51511042c69553ac4e60aa184449f5bc7,0x0000000000000000000000000000000000000000,0xbf424b57a3ad43aa7654e3115b2c2eecdba86624946c10be5bf793599ffece88,2025-01-18T18:22:26.000000,0.999943206502137,24.981033159165722
0xb90839A51511042c69553AC4e60aa184449f5bc7,polygon,aPolUSDCn,1e-6,0xb90839a51511042c69553ac4e60aa184449f5bc7,0x0000000000000000000000000000000000000000,0xa9c7ea24d4b61d492ba5b0d87f8e955a0edd2a8a4228541afefc48442601478c,2025-01-18T18:31:21.000000,0.999943206502137,9.99943206502137e-7
0xb90839A51511042c69553AC4e60aa184449f5bc7,polygon,aPolUSDCn,24.986424,0x0000000000000000000000000000000000000000,0xb90839a51511042c69553ac4e60aa184449f5bc7,0x89214d6f5c8a498a846e712cda8944026a4208067f0ae475bde39e826c9f65fa,2025-01-22T01:21:39.000000,0.999993388512577,24.986258802571978
0xb90839A51511042c69553AC4e60aa184449f5bc7,polygon,aPolUSDCn,15.256539,0xb90839a51511042c69553ac4e60aa184449f5bc7,0x0000000000000000000000000000000000000000,0x41e045873f0a65a36e2ce7fc1a0e6bbc027750ddee843faff4d794ff1cbbedc8,2025-01-22T01:32:33.000000,0.999993388512577,15.256438131584284
0xb90839A51511042c69553AC4e60aa184449f5bc7,polygon,aPolUSDCn,15.256595,0x0000000000000000000000000000000000000000,0xb90839a51511042c69553ac4e60aa184449f5bc7,0x42b1c6220582bd2c758cac10fe522d75f2ecf12cc4947472a2cf82ae649ede40,2025-01-22T01:39:43.000000,0.999993388512577,15.25649413121404
0xb90839A51511042c69553AC4e60aa184449f5bc7,polygon,aPolUSDCn,15.256686,0xb90839a51511042c69553ac4e60aa184449f5bc7,0x0000000000000000000000000000000000000000,0x87e8bee9fb549ccd95fc1f0436245a34b4c59b8cc2be955cdfb35718b853d09b,2025-01-22T01:43:33.000000,0.999993388512577,15.256585130612395
0xb90839A51511042c69553AC4e60aa184449f5bc7,polygon,aPolUSDCn,15.256711,0x0000000000000000000000000000000000000000,0xb90839a51511042c69553ac4e60aa184449f5bc7,0x2ac82f6f19a48545158086643f29d22e350445196f7ce2bcd7da10840eaca999,2025-01-22T01:48:45.000000,0.999993388512577,15.256610130447108
0xb90839A51511042c69553AC4e60aa184449f5bc7,polygon,aPolUSDCn,15.256657,0xb90839a51511042c69553ac4e60aa184449f5bc7,0x0000000000000000000000000000000000000000,0xfb565aaaba1cffcb321a4aa52809d7e045636754a1dba004412d3730ff3388da,2025-01-22T01:54:26.000000,0.999993388512577,15.256556130804128
0xb90839A51511042c69553AC4e60aa184449f5bc7,polygon,aPolUSDCn,15.256685,0x0000000000000000000000000000000000000000,0xb90839a51511042c69553ac4e60aa184449f5bc7,0x748afa5ab09bc7b747fe1a325f173e29d05f9936985a048974706f31b5a4d0bb,2025-01-22T01:57:40.000000,0.999993388512577,15.256584130619006
0xb90839A51511042c69553AC4e60aa184449f5bc7,polygon,aPolUSDCn,15.256875,0xb90839a51511042c69553ac4e60aa184449f5bc7,0x0000000000000000000000000000000000000000,0x1cda023629e3174679c667c9152c1abd65e68499caf09bd11af14151651fd96d,2025-01-22T02:04:20.000000,0.999993388512577,15.256774129362825
0xb90839A51511042c69553AC4e60aa184449f5bc7,polygon,aPolUSDCn,15.256907,0x0000000000000000000000000000000000000000,0xb90839a51511042c69553ac4e60aa184449f5bc7,0xbe5fd1965ee6d12b2e8f3ed42b2de8be1f70fda9b2a0c6c4f62dd6b7ec66768e,2025-01-22T02:06:44.000000,0.999993388512577,15.256806129151256
0xb90839A51511042c69553AC4e60aa184449f5bc7,polygon,aPolUSDCn,16.991386,0xb90839a51511042c69553ac4e60aa184449f5bc7,0x0000000000000000000000000000000000000000,0xe88554d8334524afd035dcc4dfae2b6b983cb32e08b6810a6e7632d11a7e4194,2025-01-22T02:15:32.000000,0.999993388512577,16.99127366166516
0xb90839A51511042c69553AC4e60aa184449f5bc7,polygon,aPolUSDCn,16.991435,0x0000000000000000000000000000000000000000,0xb90839a51511042c69553ac4e60aa184449f5bc7,0x13aec6c23695793a072c1f9c0a3adf35309816b00e8fc00aaf32075177930a0d,2025-01-22T02:24:45.000000,0.999993388512577,16.991322661341197
0xb90839A51511042c69553AC4e60aa184449f5bc7,polygon,aPolUSDCn,16.991481,0xb90839a51511042c69553ac4e60aa184449f5bc7,0x0000000000000000000000000000000000000000,0xc6eb7d4c53dfd59cd5134eec600116266400874104a7b1653a092c337ebd3f36,2025-01-22T02:26:23.000000,0.999993388512577,16.99136866103707
0xb90839A51511042c69553AC4e60aa184449f5bc7,polygon,aPolUSDCn,16.991498,0x0000000000000000000000000000000000000000,0xb90839a51511042c69553ac4e60aa184449f5bc7,0x715d8b99d5eef95cb9cd70a8816ffefaf4936154c92f0102a582666bc3e29cc1,2025-01-22T02:33:47.000000,0.999993388512577,16.991385660924674
0xb90839A51511042c69553AC4e60aa184449f5bc7,polygon,aPolUSDCn,17.078236,0xb90839a51511042c69553ac4e60aa184449f5bc7,0x0000000000000000000000000000000000000000,0x4b0ac24f7c1dd5da36c8ec53319e3ff382346e84d7074b24799f3170634a7ee6,2025-01-22T02:37:21.000000,0.999993388512577,17.07812308745748
0xb90839A51511042c69553AC4e60aa184449f5bc7,polygon,aPolUSDCn,17.078257,0x0000000000000000000000000000000000000000,0xb90839a51511042c69553ac4e60aa184449f5bc7,0xd9c892a6454e3389bdab534a11d92d789bb782a7867c274b5cae7fd9756e8d5c,2025-01-22T02:42:47.000000,0.999993388512577,17.078144087318638
0xb90839A51511042c69553AC4e60aa184449f5bc7,polygon,aPolUSDCn,17.078285,0xb90839a51511042c69553ac4e60aa184449f5bc7,0x0000000000000000000000000000000000000000,0x7e896a8f491afd1f5bf69ff4eb86f4f9b01a359019e7a704a64ebe5bcbfb4817,2025-01-22T02:47:31.000000,0.999993388512577,17.078172087133517
0xb90839A51511042c69553AC4e60aa184449f5bc7,polygon,aPolUSDCn,17.07831,0x0000000000000000000000000000000000000000,0xb90839a51511042c69553ac4e60aa184449f5bc7,0x65d3ef4d451e309c939c767d44d82dfd8940e0b543075c155a2d3d12984ec1ae,2025-01-22T02:51:49.000000,0.999993388512577,17.078197086968228
0xb90839A51511042c69553AC4e60aa184449f5bc7,polygon,aPolUSDCn,17.078387,0xb90839a51511042c69553ac4e60aa184449f5bc7,0x0000000000000000000000000000000000000000,0x5d7f436d53117670086c6c85e29274e6d02c76294c1883223128b2f0a709cbdb,2025-01-22T02:58:31.000000,0.999993388512577,17.078274086459142
0xb90839A51511042c69553AC4e60aa184449f5bc7,polygon,aPolUSDCn,17.078418,0x0000000000000000000000000000000000000000,0xb90839a51511042c69553ac4e60aa184449f5bc7,0xb6abc4b5cc63128b5e2f46499d117d15bbf7e8f7efb04a24d6950a35e09c1c81,2025-01-22T03:00:53.000000,0.999993388512577,17.078305086254186
0xb90839A51511042c69553AC4e60aa184449f5bc7,polygon,aPolUSDCn,17.078457,0xb90839a51511042c69553ac4e60aa184449f5bc7,0x0000000000000000000000000000000000000000,0x2380b8271060ebf78eb2eed712257443456cc22694f4b58c0bc5a48cfe738196,2025-01-22T03:08:31.000000,0.999993388512577,17.078344085996342
0xb90839A51511042c69553AC4e60aa184449f5bc7,polygon,aPolUSDCn,17.078491,0x0000000000000000000000000000000000000000,0xb90839a51511042c69553ac4e60aa184449f5bc7,0xfa487fa913a40ea496af19b74560ad0ef91eef3a4a5623902ac43a2958d1d553,2025-01-22T03:09:59.000000,0.999993388512577,17.07837808577155
0xb90839A51511042c69553AC4e60aa184449f5bc7,polygon,aPolUSDCn,18.431415,0xb90839a51511042c69553ac4e60aa184449f5bc7,0x0000000000000000000000000000000000000000,0x518cc324cf8e4f4432b7d290b3c7a0a321944d595f7e8d97bc7893f13825a625,2025-01-22T03:19:33.000000,0.999993388512577,18.43129314093154
0xb90839A51511042c69553AC4e60aa184449f5bc7,polygon,aPolUSDCn,18.431466,0x0000000000000000000000000000000000000000,0xb90839a51511042c69553ac4e60aa184449f5bc7,0x36514e3f608e80ea642f2a5129e157ba0d2e20fed09d78c27a6c82c02ebe47d9,2025-01-22T03:27:53.000000,0.999993388512577,18.431344140594355
0xb90839A51511042c69553AC4e60aa184449f5bc7,polygon,aPolUSDCn,18.43159,0xb90839a51511042c69553ac4e60aa184449f5bc7,0x0000000000000000000000000000000000000000,0xa57fad3039fd70bf45649e0d242810034ce99f4e09308a2cd31d17d3052af9d7,2025-01-22T03:29:41.000000,0.999993388512577,18.43146813977453
0xb90839A51511042c69553AC4e60aa184449f5bc7,polygon,aPolUSDCn,18.431605,0x0000000000000000000000000000000000000000,0xb90839a51511042c69553ac4e60aa184449f5bc7,0xfc012fd71d3b0bd129ce04a373cd54512a1a3d833765be2401a7aaf4ffd10c7a,2025-01-22T03:36:53.000000,0.999993388512577,18.431483139675358
0xb90839A51511042c69553AC4e60aa184449f5bc7,polygon,aPolUSDCn,18.431655,0xb90839a51511042c69553ac4e60aa184449f5bc7,0x0000000000000000000000000000000000000000,0x7ca57f937fed7042c383217f89ae2357447983820136ba5abf5b9325250b7682,2025-01-22T03:40:11.000000,0.999993388512577,18.431533139344783
0xb90839A51511042c69553AC4e60aa184449f5bc7,polygon,aPolUSDCn,18.431675,0x0000000000000000000000000000000000000000,0xb90839a51511042c69553ac4e60aa184449f5bc7,0xece564e32b556cce2f8dbf52ddaad1069a131fca177353abbc635e9e01b4b15d,2025-01-22T03:45:55.000000,0.999993388512577,18.43155313921255
0xb90839A51511042c69553AC4e60aa184449f5bc7,polygon,aPolUSDCn,18.431717,0xb90839a51511042c69553ac4e60aa184449f5bc7,0x0000000000000000000000000000000000000000,0x9b6c62d918584a05a94d3c7d28ae842d4dd2fd6c44fdaaab7c3976319704efdf,2025-01-22T03:51:23.000000,0.999993388512577,18.43159513893487
0xb90839A51511042c69553AC4e60aa184449f5bc7,polygon,aPolUSDCn,18.431743,0x0000000000000000000000000000000000000000,0xb90839a51511042c69553ac4e60aa184449f5bc7,0x7a2cd838d5aa0e7784abb93ee074a58b100ab9fc7ba1ba74968502b5aaa8b3be,2025-01-22T03:54:55.000000,0.999993388512577,18.431621138762974
0xb90839A51511042c69553AC4e60aa184449f5bc7,polygon,aPolUSDCn,18.431781,0xb90839a51511042c69553ac4e60aa184449f5bc7,0x0000000000000000000000000000000000000000,0x5e8cfb8bd6851e0816630d2a43f27e30932f92d3688e833a70d9b62501fac187,2025-01-22T04:02:03.000000,0.999993388512577,18.431659138511737
0xb90839A51511042c69553AC4e60aa184449f5bc7,polygon,aPolUSDCn,18.431812,0x0000000000000000000000000000000000000000,0xb90839a51511042c69553ac4e60aa184449f5bc7,0xfdd894e5425efa51c06c09cd74ecdd57d8d4d1eb28df55a5c53b3ab390cfede3,2025-01-22T04:03:55.000000,0.999993388512577,18.43169013830678
0xb90839A51511042c69553AC4e60aa184449f5bc7,polygon,aPolUSDCn,18.431852,0xb90839a51511042c69553ac4e60aa184449f5bc7,0x0000000000000000000000000000000000000000,0xf66da1aadfc116cc1abc774641cbf2694dc44b5ee0678f7f5b9879bd3b0d3918,2025-01-22T04:12:31.000000,0.999993388512577,18.43173013804232
0xb90839A51511042c69553AC4e60aa184449f5bc7,polygon,aPolUSDCn,18.431897,0x0000000000000000000000000000000000000000,0xb90839a51511042c69553ac4e60aa184449f5bc7,0x7a5f1171087e54d6b565bd1bb3e1c64716066b5cbcea2dbfb2f642c000f7edf8,2025-01-22T04:21:53.000000,0.999993388512577,18.4317751377448
0xb90839A51511042c69553AC4e60aa184449f5bc7,polygon,aPolUSDCn,18.431498,0xb90839a51511042c69553ac4e60aa184449f5bc7,0x0000000000000000000000000000000000000000,0x69a863d8edcf2986d29e988d285186c7218196aa7227a2d9928fb6e4fe8f27b1,2025-01-22T04:23:27.000000,0.999993388512577,18.43137614038279
0xb90839A51511042c69553AC4e60aa184449f5bc7,polygon,aPolUSDCn,18.431512,0x0000000000000000000000000000000000000000,0xb90839a51511042c69553ac4e60aa184449f5bc7,0xeb0fc5dfee9a5e2047f3b8503d7a7a14321dda2ff96a53679d8b22e300d44da4,2025-01-22T04:30:57.000000,0.999993388512577,18.431390140290226
0xb90839A51511042c69553AC4e60aa184449f5bc7,polygon,aPolUSDCn,18.680245,0xb90839a51511042c69553ac4e60aa184449f5bc7,0x0000000000000000000000000000000000000000,0x5997f71ca96f594f5dc52300d829cb11126dd5d4d74203089d186798c3f5f518,2025-01-22T04:33:23.000000,0.999993388512577,18.680121495795124
0xb90839A51511042c69553AC4e60aa184449f5bc7,polygon,aPolUSDCn,18.680262,0x0000000000000000000000000000000000000000,0xb90839a51511042c69553ac4e60aa184449f5bc7,0x137835a3ebe14cef2625594c2f633f3339d690c10874e7a6be394fb0982cb13c,2025-01-22T04:39:57.000000,0.999993388512577,18.680138495682726
0xb90839A51511042c69553AC4e60aa184449f5bc7,polygon,aPolUSDCn,18.680254,0xb90839a51511042c69553ac4e60aa184449f5bc7,0x0000000000000000000000000000000000000000,0xb3bc8dce15d06c036268936767ce5c0e85423085db1c56e39e113e98b46152ea,2025-01-22T04:44:01.000000,0.999993388512577,18.68013049573562
0xb90839A51511042c69553AC4e60aa184449f5bc7,polygon,aPolUSDCn,18.680276,0x0000000000000000000000000000000000000000,0xb90839a51511042c69553ac4e60aa184449f5bc7,0x193e74fe31a261b5f666a8afd1f16a5e8255c262243030bb25f808297f622eb3,2025-01-22T04:49:00.000000,0.999993388512577,18.680152495590168
0xb90839A51511042c69553AC4e60aa184449f5bc7,polygon,aPolUSDCn,18.680269,0xb90839a51511042c69553ac4e60aa184449f5bc7,0x0000000000000000000000000000000000000000,0xafea69a7c29d440db9d508c82bc3fc396424d8e11e04bff6bf79653889970256,2025-01-22T04:55:01.000000,0.999993388512577,18.68014549563645
0xb90839A51511042c69553AC4e60aa184449f5bc7,polygon,aPolUSDCn,18.680297,0x0000000000000000000000000000000000000000,0xb90839a51511042c69553ac4e60aa184449f5bc7,0x0820678c5356810c6f1f1f86e5ab4dab471998f0b29d0595233c7e6a6e539723,2025-01-22T04:58:16.000000,0.999993388512577,18.680173495451328
0xb90839A51511042c69553AC4e60aa184449f5bc7,polygon,aPolUSDCn,18.68029,0xb90839a51511042c69553ac4e60aa184449f5bc7,0x0000000000000000000000000000000000000000,0x890784242600fc6dabfbc6741dacc0df7441515c7e2f0168f0dee6131ab032bf,2025-01-22T05:05:51.000000,0.999993388512577,18.680166495497605
0xb90839A51511042c69553AC4e60aa184449f5bc7,polygon,aPolUSDCn,18.680331,0x0000000000000000000000000000000000000000,0xb90839a51511042c69553ac4e60aa184449f5bc7,0x35564c4a443213f010c2d842287c71847d733f6e5d8047ba65771d07b68b499e,2025-01-22T05:16:04.000000,0.999993388512577,18.680207495226536
0xb90839A51511042c69553AC4e60aa184449f5bc7,polygon,aPolUSDCn,18.680328,0xb90839a51511042c69553ac4e60aa184449f5bc7,0x0000000000000000000000000000000000000000,0x07a6bf946570dcb5f5fa2884a3b43a96802a63e440937fa08d0136f9ec138459,2025-01-22T05:17:30.000000,0.999993388512577,18.68020449524637
0xb90839A51511042c69553AC4e60aa184449f5bc7,polygon,aPolUSDCn,18.680342,0x0000000000000000000000000000000000000000,0xb90839a51511042c69553ac4e60aa184449f5bc7,0x77d7b246a47e37f4d8df663b9a5ce5bffe8a343c9ff594d3f1664ca8e35ebadd,2025-01-22T05:25:06.000000,0.999993388512577,18.68021849515381
0xb90839A51511042c69553AC4e60aa184449f5bc7,polygon,aPolUSDCn,18.680317,0xb90839a51511042c69553ac4e60aa184449f5bc7,0x0000000000000000000000000000000000000000,0xe40adbc482d4f8bd3e685bb2de435ac12e341e178d3e7b32cdfc7ee5a4206fe1,2025-01-22T05:27:40.000000,0.999993388512577,18.680193495319095
0xb90839A51511042c69553AC4e60aa184449f5bc7,polygon,aPolUSDCn,18.680333,0x0000000000000000000000000000000000000000,0xb90839a51511042c69553ac4e60aa184449f5bc7,0xca208529b043a87a6ceac1bd545357a15d3c1f49780e89e49d1c92ba474964c4,2025-01-22T05:34:03.000000,0.999993388512577,18.680209495213315
0xb90839A51511042c69553AC4e60aa184449f5bc7,polygon,aPolUSDCn,18.680347,0xb90839a51511042c69553ac4e60aa184449f5bc7,0x0000000000000000000000000000000000000000,0x451f3d50111e94b6ac8afad3f5435e36c99ddbdea7b88aada1360f1059029db9,2025-01-22T05:38:30.000000,0.999993388512577,18.680223495120753
0xb90839A51511042c69553AC4e60aa184449f5bc7,polygon,aPolUSDCn,18.68037,0x0000000000000000000000000000000000000000,0xb90839a51511042c69553ac4e60aa184449f5bc7,0xf35ad4a76b6ed82cfddddf245056e52b07197311cded941ef117c40202f8c95d,2025-01-22T05:43:06.000000,0.999993388512577,18.68024649496869
0xb90839A51511042c69553AC4e60aa184449f5bc7,polygon,aPolUSDCn,18.680361,0xb90839a51511042c69553ac4e60aa184449f5bc7,0x0000000000000000000000000000000000000000,0x274b38e4899f05dffd91f530fa6c0738296867719b39308a786766449338348f,2025-01-22T05:49:30.000000,0.999993388512577,18.680237495028194
0xb90839A51511042c69553AC4e60aa184449f5bc7,polygon,aPolUSDCn,18.68039,0x0000000000000000000000000000000000000000,0xb90839a51511042c69553ac4e60aa184449f5bc7,0xf8c7133b223abacb0370663ec6625c59fe056874dd0f480ea6735f3d3b98a698,2025-01-22T05:52:08.000000,0.999993388512577,18.68026649483646
0xb90839A51511042c69553AC4e60aa184449f5bc7,polygon,aPolUSDCn,18.680383,0xb90839a51511042c69553ac4e60aa184449f5bc7,0x0000000000000000000000000000000000000000,0x7b9c295d6ab854f7b81b3fc0f4da098981f7e7dd064bcdcda2422f072991a799,2025-01-22T06:00:44.000000,0.999993388512577,18.680259494882737
0xb90839A51511042c69553AC4e60aa184449f5bc7,polygon,aPolUSDCn,18.680428,0x0000000000000000000000000000000000000000,0xb90839a51511042c69553ac4e60aa184449f5bc7,0x62687b909da2887d5cd21291f69f5f5f63634b38888bca687a4d026d1d8a2329,2025-01-22T06:10:10.000000,0.999993388512577,18.680304494585222
0xb90839A51511042c69553AC4e60aa184449f5bc7,polygon,aPolUSDCn,18.680423,0xb90839a51511042c69553ac4e60aa184449f5bc7,0x0000000000000000000000000000000000000000,0xc37733a648431b4756caa9632d5cb6d8171c38ecde6642570e47a89d8dd9d703,2025-01-22T06:11:42.000000,0.999993388512577,18.680299494618282
0xb90839A51511042c69553AC4e60aa184449f5bc7,polygon,aPolUSDCn,18.680437,0x0000000000000000000000000000000000000000,0xb90839a51511042c69553ac4e60aa184449f5bc7,0x864cb3b8c58ae39034d6e532cfdb8fd23c235b6de1277b5f5ae57f2eff71321b,2025-01-22T06:19:10.000000,0.999993388512577,18.68031349452572
0xb90839A51511042c69553AC4e60aa184449f5bc7,polygon,aPolUSDCn,18.680431,0xb90839a51511042c69553ac4e60aa184449f5bc7,0x0000000000000000000000000000000000000000,0x3119ee4467380dec1412e782f66d215c50a8e95a554e316032e9c710be1c57e0,2025-01-22T06:21:42.000000,0.999993388512577,18.680307494565387
0xb90839A51511042c69553AC4e60aa184449f5bc7,polygon,aPolUSDCn,18.680448,0x0000000000000000000000000000000000000000,0xb90839a51511042c69553ac4e60aa184449f5bc7,0x7bff7eaa244273797c4b65a3eaeb0e20eb7be084a6ef0e8cb8471c2a58a7335d,2025-01-22T06:28:14.000000,0.999993388512577,18.68032449445299
0xb90839A51511042c69553AC4e60aa184449f5bc7,polygon,aPolUSDCn,18.680438,0xb90839a51511042c69553ac4e60aa184449f5bc7,0x0000000000000000000000000000000000000000,0xba7b33309a771cea9635ea3d1887c1a71f0571408031b3a942768b7ded082ef7,2025-01-22T06:32:44.000000,0.999993388512577,18.680314494519106
0xb90839A51511042c69553AC4e60aa184449f5bc7,polygon,aPolUSDCn,18.680462,0x0000000000000000000000000000000000000000,0xb90839a51511042c69553ac4e60aa184449f5bc7,0xc09470d18eabebaabf6316ab318010b5058ed3a51ad8c660bfaa04ed3671fc1c,2025-01-22T06:37:14.000000,0.999993388512577,18.68033849436043
0xb90839A51511042c69553AC4e60aa184449f5bc7,polygon,aPolUSDCn,18.680453,0xb90839a51511042c69553ac4e60aa184449f5bc7,0x0000000000000000000000000000000000000000,0x83189d98bd6dc4bd4404ff84d9c1c3612880748469402a47b3aa81b98615c7bb,2025-01-22T06:42:50.000000,0.999993388512577,18.680329494419937
0xb90839A51511042c69553AC4e60aa184449f5bc7,polygon,aPolUSDCn,18.68048,0x0000000000000000000000000000000000000000,0xb90839a51511042c69553ac4e60aa184449f5bc7,0xd8f789c60166a6a2557d9d590673662f666f123f00148f6631058081fcd2f9dc,2025-01-22T06:46:16.000000,0.999993388512577,18.680356494241423
0xb90839A51511042c69553AC4e60aa184449f5bc7,polygon,aPolUSDCn,18.680473,0xb90839a51511042c69553ac4e60aa184449f5bc7,0x0000000000000000000000000000000000000000,0x30aa6a37ba4a237650c187528a1e4ef3bc0ba28d84fa17d1279a9014b228929d,2025-01-22T06:53:41.000000,0.999993388512577,18.680349494287704
0xb90839A51511042c69553AC4e60aa184449f5bc7,polygon,aPolUSDCn,18.680505,0x0000000000000000000000000000000000000000,0xb90839a51511042c69553ac4e60aa184449f5bc7,0x15bed3000388acdde5095c996d1878c1ffd558815c1777f87ffb69d0c6e41595,2025-01-22T06:55:17.000000,0.999993388512577,18.680381494076137
0xb90839A51511042c69553AC4e60aa184449f5bc7,polygon,aPolUSDCn,18.680538,0xb90839a51511042c69553ac4e60aa184449f5bc7,0x0000000000000000000000000000000000000000,0x3bf243a03ac5a619bc2d7059363d98c45a5d5b79cf54b6ae54b67e7c10ce5c93,2025-01-22T07:04:32.000000,0.999993388512577,18.680414493857956
0xb90839A51511042c69553AC4e60aa184449f5bc7,polygon,aPolUSDCn,1.229415,0xb90839a51511042c69553ac4e60aa184449f5bc7,0x0000000000000000000000000000000000000000,0x5312b460401d16092cc84c72b45ac45acbd3c73b156fbded547a068771cc4d95,2025-01-22T07:25:43.000000,0.999993388512577,1.2294068717381899
0xb90839A51511042c69553AC4e60aa184449f5bc7,polygon,aPolUSDCn,1.229441,0x0000000000000000000000000000000000000000,0xb90839a51511042c69553ac4e60aa184449f5bc7,0x8d9eff557f6b1aa8b4de21310e74e931d4df07a7558c035929686af6e0279fc9,2025-01-22T07:31:25.000000,0.999993388512577,1.2294328715662912
0xb90839A51511042c69553AC4e60aa184449f5bc7,polygon,aPolUSDCn,1.229451,0xb90839a51511042c69553ac4e60aa184449f5bc7,0x0000000000000000000000000000000000000000,0xda5bb4c8ba23050781d5f379e239aac34ee3c80b596145727eecb41dbc9319ea,2025-01-22T07:35:41.000000,0.999993388512577,1.2294428715001764
0xb90839A51511042c69553AC4e60aa184449f5bc7,polygon,aPolUSDCn,1.229459,0x0000000000000000000000000000000000000000,0xb90839a51511042c69553ac4e60aa184449f5bc7,0xe4c081638766abf2184e3650199ffaff281ac5ed499376cb1e3e35251c140c87,2025-01-22T07:40:23.000000,0.999993388512577,1.2294508714472845
0xb90839A51511042c69553AC4e60aa184449f5bc7,polygon,aPolUSDCn,1.229467,0xb90839a51511042c69553ac4e60aa184449f5bc7,0x0000000000000000000000000000000000000000,0x3a304087da6e0876703a8cc611e455b49dde91da3fe5374ebf5fce4d3ce5aac6,2025-01-22T07:46:43.000000,0.999993388512577,1.2294588713943926
0xb90839A51511042c69553AC4e60aa184449f5bc7,polygon,aPolUSDCn,1.229476,0x0000000000000000000000000000000000000000,0xb90839a51511042c69553ac4e60aa184449f5bc7,0xd12a9ec33ad1e9be00dd35004a5ef2fd0886e0777ede205659f118d9a77eb09e,2025-01-22T07:49:27.000000,0.999993388512577,1.2294678713348892
0xb90839A51511042c69553AC4e60aa184449f5bc7,polygon,aPolUSDCn,1.229489,0xb90839a51511042c69553ac4e60aa184449f5bc7,0x0000000000000000000000000000000000000000,0x669e796f793942494ce114c1fea9020bd75e79cd797137860be58f596f24059f,2025-01-22T07:57:21.000000,0.999993388512577,1.2294808712489398
0xb90839A51511042c69553AC4e60aa184449f5bc7,polygon,aPolUSDCn,1.229499,0x0000000000000000000000000000000000000000,0xb90839a51511042c69553ac4e60aa184449f5bc7,0x0b3bdd3eb49a70ecf30ad8774a645710d9820d12a22c8b0c02c321bd1591bfee,2025-01-22T07:58:53.000000,0.999993388512577,1.2294908711828247
0xb90839A51511042c69553AC4e60aa184449f5bc7,polygon,aPolUSDCn,1.229505,0xb90839a51511042c69553ac4e60aa184449f5bc7,0x0000000000000000000000000000000000000000,0x9e2c441a7c3d9d2096c9c7ed469cb56427b9f5b3719be092b64e69d79921d1d0,2025-01-22T08:08:21.000000,0.999993388512577,1.229496871143156
0xb90839A51511042c69553AC4e60aa184449f5bc7,polygon,aPolUSDCn,5.077298,0xb90839a51511042c69553ac4e60aa184449f5bc7,0x0000000000000000000000000000000000000000,0x5fdb43d58f95bacffb8942903b9b979cf84a2da0b0f30acd9df0462d30dad354,2025-01-22T14:31:02.000000,0.999993388512577,5.07726443150813
0xb90839A51511042c69553AC4e60aa184449f5bc7,polygon,aPolUSDCn,3e-6,0xb90839a51511042c69553ac4e60aa184449f5bc7,0x0000000000000000000000000000000000000000,0xf66284414c5dc4cc27bf2e85fbc897027115e57b2a714475d3cefdb23c2dd33a,2025-01-22T15:00:48.000000,0.999993388512577,2.9999801655377313e-6
0xb90839A51511042c69553AC4e60aa184449f5bc7,polygon,aPolUSDCn,5.077619,0x0000000000000000000000000000000000000000,0xb90839a51511042c69553ac4e60aa184449f5bc7,0x4fbf6052128290f8dbf9b2871f920076d00fe907348215bcb72b6c325b164cf4,2025-01-22T15:27:59.000000,0.999993388512577,5.077585429385843
0xb90839A51511042c69553AC4e60aa184449f5bc7,polygon,aPolUSDCn,5.077607,0xb90839a51511042c69553ac4e60aa184449f5bc7,0x0000000000000000000000000000000000000000,0xb96d8654169402dc861ae13ab9dc853ef9fd77dcbf14c4f1e86649a20446f83e,2025-01-22T16:36:57.000000,0.999993388512577,5.077573429465181
0xb90839A51511042c69553AC4e60aa184449f5bc7,polygon,aPolUSDCn,0.000012,0xb90839a51511042c69553ac4e60aa184449f5bc7,0x0000000000000000000000000000000000000000,0x9bd546df015790235ee68db7764cd6b24e2131c179296ef50260795c6714035c,2025-01-22T16:51:09.000000,0.999993388512577,0.000011999920662150925
0xb90839A51511042c69553AC4e60aa184449f5bc7,polygon,aPolUSDCn,2.388166,0x0000000000000000000000000000000000000000,0xb90839a51511042c69553ac4e60aa184449f5bc7,0x219a5aafd0d679acab91893e8dded63216382308bbd6ea81879aeeb8ccb8b4ea,2025-01-23T01:06:24.000000,0.99996875513262,2.3880913820700487
0xb90839A51511042c69553AC4e60aa184449f5bc7,polygon,aPolUSDCn,2.688306,0x0000000000000000000000000000000000000000,0xb90839a51511042c69553ac4e60aa184449f5bc7,0xf6e032ad7ab15e0ac9b587899d25623f77450523d26d5c37fd2c1d6b62d2df81,2025-01-23T01:14:26.000000,0.99996875513262,2.688222004235553
0xb90839A51511042c69553AC4e60aa184449f5bc7,polygon,aPolUSDCn,2.387717,0xb90839a51511042c69553ac4e60aa184449f5bc7,0x0000000000000000000000000000000000000000,0xa0b8f0908c3869e8b2c488963391506664fd119c0eb1fa8f619e9456890bf039,2025-01-23T01:25:42.000000,0.99996875513262,2.3876423960989936
0xb90839A51511042c69553AC4e60aa184449f5bc7,polygon,aPolUSDCn,2.387729,0x0000000000000000000000000000000000000000,0xb90839a51511042c69553ac4e60aa184449f5bc7,0xf590bedd447ad2ec822c528cb4353459e2737891e43ad94c8fbbae2915f7b12a,2025-01-23T01:32:30.000000,0.99996875513262,2.3876543957240557
0xb90839A51511042c69553AC4e60aa184449f5bc7,polygon,aPolUSDCn,2.387751,0xb90839a51511042c69553ac4e60aa184449f5bc7,0x0000000000000000000000000000000000000000,0x244e9b81c10dd460722bc90a86726402a648d539e0fa451e41c73afd396c38cb,2025-01-23T01:36:50.000000,0.99996875513262,2.3876763950366686
0xb90839A51511042c69553AC4e60aa184449f5bc7,polygon,aPolUSDCn,2.387757,0x0000000000000000000000000000000000000000,0xb90839a51511042c69553ac4e60aa184449f5bc7,0xf1ee17cd8e5ff1e3db5b82d2082249b12511cf3e6e34955c868d5c02ede556d1,2025-01-23T01:41:30.000000,0.99996875513262,2.3876823948491994
0xb90839A51511042c69553AC4e60aa184449f5bc7,polygon,aPolUSDCn,2.387754,0xb90839a51511042c69553ac4e60aa184449f5bc7,0x0000000000000000000000000000000000000000,0x8f670c3f3a71c2736a848a8da97eee7c6ea116ef6af88f76c3e33c8dd64f0927,2025-01-23T01:47:40.000000,0.99996875513262,2.387679394942934
0xb90839A51511042c69553AC4e60aa184449f5bc7,polygon,aPolUSDCn,2.387761,0x0000000000000000000000000000000000000000,0xb90839a51511042c69553ac4e60aa184449f5bc7,0xefcc26c437b33496fcbe29250e0f7c114248a6e42fc5baef9a497a070e8eb55c,2025-01-23T01:50:32.000000,0.99996875513262,2.3876863947242195
0xb90839A51511042c69553AC4e60aa184449f5bc7,polygon,aPolUSDCn,2.387878,0xb90839a51511042c69553ac4e60aa184449f5bc7,0x0000000000000000000000000000000000000000,0x35d843d8223e1dc445f6c692e8b6d9460bad2ad746c5a385c415428282937697,2025-01-23T01:58:30.000000,0.99996875513262,2.3878033910685703
0xb90839A51511042c69553AC4e60aa184449f5bc7,polygon,aPolUSDCn,2.688617,0xb90839a51511042c69553ac4e60aa184449f5bc7,0x0000000000000000000000000000000000000000,0xcac99ce4b0caa783082d0ee60ef564c23fdfb9ea43c729af9d54a388505e4e44,2025-01-23T02:10:06.000000,0.99996875513262,2.688532994518399
0xb90839A51511042c69553AC4e60aa184449f5bc7,polygon,aPolUSDCn,1e-6,0xb90839a51511042c69553ac4e60aa184449f5bc7,0x0000000000000000000000000000000000000000,0xec139fe7de1bcfc19ba36e5295b7e01d5812137dd511c081f3a2db54c594a08c,2025-01-23T02:17:44.000000,0.99996875513262,9.9996875513262e-7
0xb90839A51511042c69553AC4e60aa184449f5bc7,polygon,aPolUSDT,20.575388,0x0000000000000000000000000000000000000000,0xb90839a51511042c69553ac4e60aa184449f5bc7,0x5ebc1717a49aa4380bbdd6f332f721da341e423fbfe49ed96fd9eb2368bb4931,2025-01-23T21:59:54.000000,1.00012752083493,20.57801179065677
0xb90839A51511042c69553AC4e60aa184449f5bc7,polygon,aPolUSDT,20.575388,0xb90839a51511042c69553ac4e60aa184449f5bc7,0x0000000000000000000000000000000000000000,0x9bc7528803147c7d50a8c8b2dcb79cbb9cc5b71e084b5100b31aeb9f3beda5d3,2025-01-23T23:12:05.000000,1.00012752083493,20.57801179065677
0xb90839A51511042c69553AC4e60aa184449f5bc7,polygon,aPolUSDT,20.574825,0x0000000000000000000000000000000000000000,0xb90839a51511042c69553ac4e60aa184449f5bc7,0xf0986fb127b8928aab8b2dcd5731e82760e706ca582aa8360161a21d5b84d716,2025-01-24T01:00:35.000000,1.00006277636041,20.576116612629573
0xb90839A51511042c69553AC4e60aa184449f5bc7,polygon,aPolUSDT,20.574825,0xb90839a51511042c69553ac4e60aa184449f5bc7,0x0000000000000000000000000000000000000000,0x88022667a8cf81a76842f0ac73aa6722b426ccca040d84c8cd8609a10bd4902b,2025-01-24T02:03:31.000000,1.00006277636041,20.576116612629573
0xb90839A51511042c69553AC4e60aa184449f5bc7,polygon,aPolUSDT,20.57911,0x0000000000000000000000000000000000000000,0xb90839a51511042c69553ac4e60aa184449f5bc7,0xf27b4e1c1bf881c2960bfd4d4a1b222843e95082bc72c4dca5246df7b27980a1,2025-01-28T20:07:07.000000,0.999402616210807,20.566816373289978
0xb90839A51511042c69553AC4e60aa184449f5bc7,polygon,aPolUSDT,20.579109,0xb90839a51511042c69553ac4e60aa184449f5bc7,0x0000000000000000000000000000000000000000,0x4bf9445bed4b82d6201f090ede4aee223423bdb266ef3d5279f1569281181c50,2025-01-29T20:10:06.000000,1.00013959482685,20.581981737157584
0xb90839A51511042c69553AC4e60aa184449f5bc7,polygon,aPolUSDT,1e-6,0xb90839a51511042c69553ac4e60aa184449f5bc7,0x0000000000000000000000000000000000000000,0xc95744824d277a0093f44c0409e39438790617eb6da87f5948c26a8c68784388,2025-01-29T20:19:08.000000,1.00013959482685,1.00013959482685e-6
0xb90839A51511042c69553AC4e60aa184449f5bc7,polygon,aPolUSDT,20.587432,0x0000000000000000000000000000000000000000,0xb90839a51511042c69553ac4e60aa184449f5bc7,0x03055150f11bab6e7db5e5541132699cad22b4c1b1cefff686ce141ffbe0d8ea,2025-01-31T21:33:03.000000,1.00002552460729,20.58795748611691
0xb90839A51511042c69553AC4e60aa184449f5bc7,polygon,aPolUSDT,20.58743,0xb90839a51511042c69553ac4e60aa184449f5bc7,0x0000000000000000000000000000000000000000,0xf55d85ba66e6675f3185e9f2c8d8491cb5b8b6dc77308b8b9f1bdc439d7af4bd,2025-02-01T21:32:49.000000,0.999846140310709,20.5842624244169
0xb90839A51511042c69553AC4e60aa184449f5bc7,polygon,aPolUSDT,1e-6,0xb90839a51511042c69553ac4e60aa184449f5bc7,0x0000000000000000000000000000000000000000,0xedd31fc0c883866b1d89e4b857bc49ac6d247b3a553ea4a909b29a808519dc65,2025-02-01T21:41:47.000000,0.999846140310709,9.998461403107089e-7
0xb90839A51511042c69553AC4e60aa184449f5bc7,polygon,aPolUSDT,20.565551,0x0000000000000000000000000000000000000000,0xb90839a51511042c69553ac4e60aa184449f5bc7,0x40558ea4ad9d8378f8d3602867f79a238b6ebb107b2b0a821d2538d119df6473,2025-02-03T23:57:02.000000,1.00155784452603,20.59758893105014
0xb90839A51511042c69553AC4e60aa184449f5bc7,polygon,aPolUSDT,20.56555,0xb90839a51511042c69553ac4e60aa184449f5bc7,0x0000000000000000000000000000000000000000,0xa4fd9387666ac2ba616f7e6bcab5ccf6b1b292ea6d35c17afee292b8e2046d03,2025-02-20T23:00:21.000000,1.00014919142714,20.568618203754422
0xb90839A51511042c69553AC4e60aa184449f5bc7,polygon,aPolUSDT,1e-6,0xb90839a51511042c69553ac4e60aa184449f5bc7,0x0000000000000000000000000000000000000000,0xf693f703864725eafdb3a3df5ad1f6ca1034a42193d2282b8ef0b3d2f6a84fb7,2025-02-20T23:09:21.000000,1.00014919142714,1.00014919142714e-6
0xb90839A51511042c69553AC4e60aa184449f5bc7,polygon,aPolUSDT,28.845702,0x0000000000000000000000000000000000000000,0xb90839a51511042c69553ac4e60aa184449f5bc7,0xd025db3f56bdb7ad92ddb28629614167eb37c9484c6322e0e485c64672e18691,2025-02-25T11:12:15.000000,0.999010518638853,28.8171597155218
0xb90839A51511042c69553AC4e60aa184449f5bc7,polygon,aPolUSDT,28.845702,0xb90839a51511042c69553ac4e60aa184449f5bc7,0x0000000000000000000000000000000000000000,0xc06f50cc762d63694765b3268f1591da90d8ece4ce73dd375d24bf998fb71619,2025-02-25T19:28:15.000000,0.999010518638853,28.8171597155218
0xb90839A51511042c69553AC4e60aa184449f5bc7,polygon,aPolUSDT,30.938055,0x0000000000000000000000000000000000000000,0xb90839a51511042c69553ac4e60aa184449f5bc7,0x61f191dc070c9a6b048848fa6e2f3ff3f74331fc946d78ece2a449738f7f44c5,2025-04-23T04:44:14.000000,1.00053073548453,30.954474923610842
0xb90839A51511042c69553AC4e60aa184449f5bc7,polygon,aPolUSDT,4.627,0xb90839a51511042c69553ac4e60aa184449f5bc7,0x0000000000000000000000000000000000000000,0x9f96acf108a8cc9da08733e29472a951576a1a4e3d01c1561ab82c1f3c96d3c8,2025-04-25T03:12:51.000000,1.00070860748235,4.6302787268208325
0xb90839A51511042c69553AC4e60aa184449f5bc7,polygon,aPolUSDT,0.001951,0x0000000000000000000000000000000000000000,0xb90839a51511042c69553ac4e60aa184449f5bc7,0x54d9a83e8245c1f06179ecadaa5403e25bffb77d0061ef90f6281dcda81b34dd,2025-04-25T03:34:13.000000,1.00070860748235,0.0019523824931980648
0xb90839A51511042c69553AC4e60aa184449f5bc7,polygon,aPolUSDT,4.607046,0x0000000000000000000000000000000000000000,0xb90839a51511042c69553ac4e60aa184449f5bc7,0x4c96e31ca78c0474a1e8767fc271b26601aa5ea28433d4399175f683709d8a4a,2025-04-25T03:52:10.000000,1.00070860748235,4.610310587267131
0xb90839A51511042c69553AC4e60aa184449f5bc7,polygon,aPolDAI,24.98467779311204,0x0000000000000000000000000000000000000000,0xb90839a51511042c69553ac4e60aa184449f5bc7,0x8b068c814b26fc658839ceb7c9f1feb549b2f2461b9e91e797012bd6ca2b7b45,2025-01-18T06:39:05.000000,0.999651777698874,24.975977571118033
0xb90839A51511042c69553AC4e60aa184449f5bc7,polygon,aPolDAI,24.984676814293906,0xb90839a51511042c69553ac4e60aa184449f5bc7,0x0000000000000000000000000000000000000000,0x56e114ce751c1965d74b835031a015c0990dcd1d506a99a05f5145c818bd3a59,2025-01-18T09:39:16.000000,0.999651777698874,24.975976592640745
0xb90839A51511042c69553AC4e60aa184449f5bc7,polygon,aPolDAI,20.590749721912506,0x0000000000000000000000000000000000000000,0xb90839a51511042c69553ac4e60aa184449f5bc7,0x7c2ac91e964d149e1d6228de8acdb0188647a2f262f4466e426f1d883da0a4ed,2025-01-27T05:20:21.000000,1.00006300461414,20.59204703415359
0xb90839A51511042c69553AC4e60aa184449f5bc7,polygon,aPolDAI,20.59074967628474,0xb90839a51511042c69553ac4e60aa184449f5bc7,0x0000000000000000000000000000000000000000,0xfe5561e611514e9d02f6c389a2bb276f5bc0c801ee26e0471e6e9f69ef2b5c01,2025-01-28T05:22:04.000000,0.999840429471749,20.587463999481812
0xb90839A51511042c69553AC4e60aa184449f5bc7,polygon,aPolDAI,9.99998872595e-7,0xb90839a51511042c69553ac4e60aa184449f5bc7,0x0000000000000000000000000000000000000000,0x00abe5c49cf423fdf7abd1a08382bcea2d6b27f40b71f474e6d6a1b622e6f11c,2025-01-28T05:31:02.000000,0.999840429471749,9.998393022466496e-7
0xb90839A51511042c69553AC4e60aa184449f5bc7,polygon,aPolDAI,20.586359145871324,0x0000000000000000000000000000000000000000,0xb90839a51511042c69553ac4e60aa184449f5bc7,0x8d23c77f768fbeee547bad94b64d022e6652e1f50d72c633a059bfec5f77390a,2025-02-01T22:08:54.000000,0.999886792468303,20.584028614965792
0xb90839A51511042c69553AC4e60aa184449f5bc7,polygon,aPolDAI,20.58635796099789,0xb90839a51511042c69553ac4e60aa184449f5bc7,0x0000000000000000000000000000000000000000,0x07b20375017f5ec9011b25e6c7a0ab22e29ff32ef1e0095fefb9651886eba00a,2025-02-03T06:10:32.000000,1.0000219730695,20.586810306472117
0xb90839A51511042c69553AC4e60aa184449f5bc7,polygon,aPolDAI,9.99998784598e-7,0xb90839a51511042c69553ac4e60aa184449f5bc7,0x0000000000000000000000000000000000000000,0xba88cb22b198894cdc98bdcc94e61044a65f330ec06557d659cdda5972a9c338,2025-02-03T06:19:32.000000,1.0000219730695,1.0000207576407937e-6
0xb90839A51511042c69553AC4e60aa184449f5bc7,polygon,aPolDAI,20.591657000000858,0x0000000000000000000000000000000000000000,0xb90839a51511042c69553ac4e60aa184449f5bc7,0x836f0c9b84a863ceda1fa5e78ddce88ee84d487db31c6fc8d1d5dbecca759b72,2025-02-03T06:50:42.000000,1.0000219730695,20.59210946191124
0xb90839A51511042c69553AC4e60aa184449f5bc7,polygon,aPolDAI,20.591655609911857,0xb90839a51511042c69553ac4e60aa184449f5bc7,0x0000000000000000000000000000000000000000,0xd737c84bfc84358e8bee109aaf88177e2e9ee26ee482585186f0883979481cb3,2025-02-03T11:26:12.000000,1.0000219730695,20.592108071791692
0xb90839A51511042c69553AC4e60aa184449f5bc7,polygon,aPolDAI,9.99998461623e-7,0xb90839a51511042c69553ac4e60aa184449f5bc7,0x0000000000000000000000000000000000000000,0x80931c2402512560a616f862666cf0c597123ab61eb85674c319c0b112417bf7,2025-02-03T11:35:10.000000,1.0000219730695,1.000020434658697e-6
0xb90839A51511042c69553AC4e60aa184449f5bc7,polygon,aPolDAI,28.818960729604832,0x0000000000000000000000000000000000000000,0xb90839a51511042c69553ac4e60aa184449f5bc7,0x5de72d8b5f6a1b3300122a157eeef75136341c5b7f9bc811a302d35cedf756bc,2025-02-25T19:46:29.000000,0.999995278799265,28.818824669506252
0xb90839A51511042c69553AC4e60aa184449f5bc7,polygon,aPolDAI,28.818960652535814,0xb90839a51511042c69553ac4e60aa184449f5bc7,0x0000000000000000000000000000000000000000,0xb33679137cae6073bcbec1f5ce0f2546c55f72f11fc176e6bcb1d8c059f22de1,2025-02-26T14:51:31.000000,0.999580525566534,28.806871835343014
0xb90839A51511042c69553AC4e60aa184449f5bc7,polygon,aPolDAI,28.81684902358824,0x0000000000000000000000000000000000000000,0xb90839a51511042c69553ac4e60aa184449f5bc7,0xaf41e9794eebf0c1b9d65d0caa5f67d8f3d97920dbe2bcbe32a4b4a4f659d5e4,2025-02-26T19:13:27.000000,0.999580525566534,28.804761092169795
0xb90839A51511042c69553AC4e60aa184449f5bc7,polygon,aPolDAI,28.816848811027825,0xb90839a51511042c69553ac4e60aa184449f5bc7,0x0000000000000000000000000000000000000000,0xf8e14aeec87398fbe818f44657cbeda832badb378362da9feb62cd1936ae7578,2025-02-26T20:16:20.000000,0.999580525566534,28.80476087969854
0xb90839A51511042c69553AC4e60aa184449f5bc7,polygon,aPolDAI,34.943581675406016,0x0000000000000000000000000000000000000000,0xb90839a51511042c69553ac4e60aa184449f5bc7,0xeb883fb05599e64fa578cdf871cd2b670d8a913de5d5e0f3e76f367f9fefb1e2,2025-02-27T16:07:19.000000,0.999839634541657,34.937977931914496
0xb90839A51511042c69553AC4e60aa184449f5bc7,polygon,aPolDAI,34.94358126803468,0xb90839a51511042c69553ac4e60aa184449f5bc7,0x0000000000000000000000000000000000000000,0x706bce2b93b069977f070336d6d693ba7593602e34bcfe56691e540212b97ae5,2025-02-27T22:16:48.000000,0.999839634541657,34.937977524608485
0xb90839A51511042c69553AC4e60aa184449f5bc7,polygon,aPolDAI,9.99999037871e-7,0xb90839a51511042c69553ac4e60aa184449f5bc7,0x0000000000000000000000000000000000000000,0x9c19c6aacb474053c0176959d1949eac10960dffe34680b6b2535401194b90e3,2025-02-27T22:25:54.000000,0.999839634541657,9.998386725669493e-7
0xb90839A51511042c69553AC4e60aa184449f5bc7,polygon,aPolDAI,34.94467211509607,0x0000000000000000000000000000000000000000,0xb90839a51511042c69553ac4e60aa184449f5bc7,0x2557dd83685048b8b9bd3605e8e82461cb977c3cfacba87b7ef5d981a4644f81,2025-03-01T14:43:20.000000,0.999937583422203,34.942490988250405
0xb90839A51511042c69553AC4e60aa184449f5bc7,polygon,aPolDAI,34.944670995940456,0xb90839a51511042c69553ac4e60aa184449f5bc7,0x0000000000000000000000000000000000000000,0xf41f271ec24eea25400844c1906cfd1a0039c3944414fe0e83d8d2f222720e68,2025-03-02T20:12:03.000000,1.00002201751604,34.945440390794616
0xb90839A51511042c69553AC4e60aa184449f5bc7,polygon,aPolDAI,9.99999006577e-7,0xb90839a51511042c69553ac4e60aa184449f5bc7,0x0000000000000000000000000000000000000000,0x063dabc115a88ab448cb3b35ce54d676e4f1e7aaaff6549337f811e2d62b0bad,2025-03-02T20:20:37.000000,1.00002201751604,1.0000210240711673e-6
0xb90839A51511042c69553AC4e60aa184449f5bc7,polygon,aPolDAI,30.986922687139057,0x0000000000000000000000000000000000000000,0xb90839a51511042c69553ac4e60aa184449f5bc7,0x733a2fa14441c48c4462b6000df5a8000c57197296acfa9ce95a4f7d0d11a5e6,2025-03-03T05:30:25.000000,1.00019324992891,30.992910907745483
0xb90839A51511042c69553AC4e60aa184449f5bc7,polygon,aPolDAI,30.986921405998277,0xb90839a51511042c69553ac4e60aa184449f5bc7,0x0000000000000000000000000000000000000000,0x059a33bcc7110f948fb797672e6800d25490b871ec3d37399df4a60328fe2e3d,2025-03-03T11:58:09.000000,1.00019324992891,30.99290962635712
0xb90839A51511042c69553AC4e60aa184449f5bc7,polygon,aPolDAI,9.99998672983e-7,0xb90839a51511042c69553ac4e60aa184449f5bc7,0x0000000000000000000000000000000000000000,0xe03d6736c5bb933d1f8ac5990a78dfb80ede1ec7f27fd9f4c8e17fb8eee776b4,2025-03-03T12:07:43.000000,1.00019324992891,1.0001919226554638e-6
0xb90839A51511042c69553AC4e60aa184449f5bc7,polygon,aPolDAI,30.990350276883966,0x0000000000000000000000000000000000000000,0xb90839a51511042c69553ac4e60aa184449f5bc7,0xacf1f566a0f393ba9e295fc4ceb28fc90a9ddbc1f1fe0ab435d5271dbbe8b2ae,2025-03-04T01:56:59.000000,0.99984317262868,30.985490141713758
0xb90839A51511042c69553AC4e60aa184449f5bc7,polygon,aPolDAI,30.99034878228827,0xb90839a51511042c69553ac4e60aa184449f5bc7,0x0000000000000000000000000000000000000000,0x42bbe64980dab37d80dbbcf6e131c6612e01b4623e86e9de34833c162782f347,2025-03-04T16:49:56.000000,0.99984317262868,30.985488647352454
0xb90839A51511042c69553AC4e60aa184449f5bc7,polygon,aPolDAI,1.999998458925e-6,0xb90839a51511042c69553ac4e60aa184449f5bc7,0x0000000000000000000000000000000000000000,0xaac43d228e0d67c8ce6417c2685e5a3f157eb6c80f980fbe66b626e79c6d74b2,2025-03-04T16:59:01.000000,0.99984317262868,1.9996848044240425e-6
0xb90839A51511042c69553AC4e60aa184449f5bc7,polygon,aPolDAI,30.98403339055031,0x0000000000000000000000000000000000000000,0xb90839a51511042c69553ac4e60aa184449f5bc7,0x588d5979a7786454a9a5dd855ff0eb2bbe572aed27b09b54ea8f061d89982cc7,2025-03-05T06:22:29.000000,1.00006679149794,30.986102860552688
0xb90839A51511042c69553AC4e60aa184449f5bc7,polygon,aPolDAI,30.984032338689673,0xb90839a51511042c69553ac4e60aa184449f5bc7,0x0000000000000000000000000000000000000000,0x3781024e0fd2381824a34dc188e3d4f3edf3045901950643c0b6fe9c3bf91714,2025-03-05T07:43:32.000000,1.00006679149794,30.986101808621793
0xb90839A51511042c69553AC4e60aa184449f5bc7,polygon,aPolDAI,9.99999134427e-7,0xb90839a51511042c69553ac4e60aa184449f5bc7,0x0000000000000000000000000000000000000000,0x3f360f00b765b60fe75d66a8ce47fcecb7e890f8c17738ec4adda13725b28e82,2025-03-05T07:52:28.000000,1.00006679149794,1.0000659258671272e-6
0xb90839A51511042c69553AC4e60aa184449f5bc7,polygon,aPolDAI,30.978885371706962,0x0000000000000000000000000000000000000000,0xb90839a51511042c69553ac4e60aa184449f5bc7,0x8c67a4d3050102f5e3fcf3eea401388dff8ccb7784f890bccf9f6a29f316440c,2025-03-05T12:41:16.000000,1.00006679149794,30.98095449786545
0xb90839A51511042c69553AC4e60aa184449f5bc7,polygon,aPolDAI,4.285838528276128,0xb90839a51511042c69553ac4e60aa184449f5bc7,0x0000000000000000000000000000000000000000,0xe23287ca8a63a68407a5463aa7584b95dc40651503aae0519388d732a407b4d4,2025-03-17T16:51:51.000000,1.00003845836364,4.28600335461275
0xb90839A51511042c69553AC4e60aa184449f5bc7,polygon,aPolDAI,0.000367009049009037,0x0000000000000000000000000000000000000000,0xb90839a51511042c69553ac4e60aa184449f5bc7,0x04af61f41b06eafd4c804a57b6f2d9619dfff02d055f30ccd719ff3d329e8f49,2025-03-17T17:13:32.000000,1.00003845836364,0.00036702316357650294
0xb90839A51511042c69553AC4e60aa184449f5bc7,polygon,aPolDAI,3.85420205422079,0xb90839a51511042c69553ac4e60aa184449f5bc7,0x0000000000000000000000000000000000000000,0x183a318f1c52f89b8d7b7bc84181cddc414da7a810b9dd1554b78b662d022cb3,2025-03-17T17:32:36.000000,1.00003845836364,3.854350280524933
0xb90839A51511042c69553AC4e60aa184449f5bc7,polygon,aPolDAI,0.000344070574607719,0x0000000000000000000000000000000000000000,0xb90839a51511042c69553ac4e60aa184449f5bc7,0xa18e05d087e608d01c8446781b1966c8f054eb34a623a8b57414c0e5d7a7c428,2025-03-17T17:54:53.000000,1.00003845836364,0.0003440838069989951
0xb90839A51511042c69553AC4e60aa184449f5bc7,polygon,aPolDAI,3.612935325240262,0x0000000000000000000000000000000000000000,0xb90839a51511042c69553ac4e60aa184449f5bc7,0xa90800e4942737984b8516c7576b51af8e7cbec02ee2d4a03887628b588640ca,2025-03-17T18:12:59.000000,1.00003845836364,3.613074272820808
0xb90839A51511042c69553AC4e60aa184449f5bc7,polygon,aPolDAI,6.094272077892398,0x0000000000000000000000000000000000000000,0xb90839a51511042c69553ac4e60aa184449f5bc7,0x368f7b6771b565b57bffc3ebeb496fc8fec352b238c37fd8603555af302f48a2,2025-03-17T22:55:24.000000,1.00003845836364,6.09450645362409
0xb90839A51511042c69553AC4e60aa184449f5bc7,polygon,aPolDAI,4.083260390581465,0xb90839a51511042c69553ac4e60aa184449f5bc7,0x0000000000000000000000000000000000000000,0x42e899d44b0e1e9c031d95c7435424c6bae91d6a2feec90a60586a853545c604,2025-03-18T00:27:04.000000,1.0001549415271,4.083893057181929
0xb90839A51511042c69553AC4e60aa184449f5bc7,polygon,aPolDAI,4.552052051903949,0x0000000000000000000000000000000000000000,0xb90839a51511042c69553ac4e60aa184449f5bc7,0x8fc7f3b13033dac10dbf3377dc4876ce6d91b236396b5c0a56106187ab773998,2025-03-18T06:21:23.000000,1.0001549415271,4.5527573538003105
0xb90839A51511042c69553AC4e60aa184449f5bc7,polygon,aPolDAI,5.904817501268209,0xb90839a51511042c69553ac4e60aa184449f5bc7,0x0000000000000000000000000000000000000000,0x35465a5e2ea770a3d10e6b429c5e657470a4f0799a7541fe397889b41efe99ee,2025-03-18T06:48:21.000000,1.0001549415271,5.905732402709102
0xb90839A51511042c69553AC4e60aa184449f5bc7,polygon,aPolDAI,0.000520613783194787,0x0000000000000000000000000000000000000000,0xb90839a51511042c69553ac4e60aa184449f5bc7,0xe215875586710d342f3b2c282d82a4acc106b0f89a84d9a8f6cfb71839cd29b4,2025-03-18T07:06:23.000000,1.0001549415271,0.0005206944478893845
0xb90839A51511042c69553AC4e60aa184449f5bc7,polygon,aPolDAI,5.903984940474353,0x0000000000000000000000000000000000000000,0xb90839a51511042c69553ac4e60aa184449f5bc7,0x805a1b9772d87affa4bebcb70dde0aeccf3b064534c1e706cc971e7a080128ec,2025-03-18T07:24:51.000000,1.0001549415271,5.904899712917006
0xb90839A51511042c69553AC4e60aa184449f5bc7,polygon,aPolDAI,4.270795183252791,0xb90839a51511042c69553ac4e60aa184449f5bc7,0x0000000000000000000000000000000000000000,0x32fdc66267092336a51007119387e126f1aae6a9cc6132e2a2e520766072f290,2025-03-18T08:17:23.000000,1.0001549415271,4.271456906780416
0xb90839A51511042c69553AC4e60aa184449f5bc7,polygon,aPolDAI,0.000313095843967695,0x0000000000000000000000000000000000000000,0xb90839a51511042c69553ac4e60aa184449f5bc7,0x7f50adf8ced0f20f38c8cc48e110acf654ff79b9ed3ba572ef374ed02a70bef4,2025-03-18T08:38:02.000000,1.0001549415271,0.000313144355515888
0xb90839A51511042c69553AC4e60aa184449f5bc7,polygon,aPolDAI,4.881483813712974,0x0000000000000000000000000000000000000000,0xb90839a51511042c69553ac4e60aa184449f5bc7,0x754020676803fd8105cc483abbc9a6d6f64d34488668cfc8dc7e5c23f4e83c05,2025-03-19T19:48:36.000000,1.00026219147696,4.882763697163847
0xb90839A51511042c69553AC4e60aa184449f5bc7,polygon,aPolDAI,6.553731278330805,0xb90839a51511042c69553ac4e60aa184449f5bc7,0x0000000000000000000000000000000000000000,0xee0ae40b7b2bfc0528e2c11d54102065a6b19ada8d985e099284864c81b699d0,2025-03-20T00:30:41.000000,1.00009135269706,6.554329979358887
0xb90839A51511042c69553AC4e60aa184449f5bc7,polygon,aPolDAI,5.18723591178336,0x0000000000000000000000000000000000000000,0xb90839a51511042c69553ac4e60aa184449f5bc7,0x7b4e624407762ed214d0adece955095e626930d868179faf64f2349d7ff513d3,2025-03-20T02:29:25.000000,1.00009135269706,5.187709779774188
0xb90839A51511042c69553AC4e60aa184449f5bc7,polygon,aPolDAI,5.186713887564318,0xb90839a51511042c69553ac4e60aa184449f5bc7,0x0000000000000000000000000000000000000000,0x76de2c5c28f69d3af52a94fc45c7e1ba372a6883a88937985098786b79ae2f64,2025-03-20T05:10:43.000000,1.00009135269706,5.187187707866826
0xb90839A51511042c69553AC4e60aa184449f5bc7,polygon,aPolDAI,5.1868012504753755,0x0000000000000000000000000000000000000000,0xb90839a51511042c69553ac4e60aa184449f5bc7,0xc27946a9c71f40eda80be9ad1d2adbe203008b79a386a615040edc0859d4e603,2025-03-20T06:35:21.000000,1.00009135269706,5.187275078758721
0xb90839A51511042c69553AC4e60aa184449f5bc7,polygon,aPolDAI,4.365047231523578,0xb90839a51511042c69553ac4e60aa184449f5bc7,0x0000000000000000000000000000000000000000,0x5f4321c8aad1c3dded1b9ff43180fd72c52f04d2f304f311a5fe07e83dcf6093,2025-03-20T09:34:31.000000,1.00009135269706,4.365445990360972
0xb90839A51511042c69553AC4e60aa184449f5bc7,polygon,aPolDAI,0.000541347442625564,0x0000000000000000000000000000000000000000,0xb90839a51511042c69553ac4e60aa184449f5bc7,0x3d1673f74629eba3bf45fe38908403b5919eb2f3e302af5dcacbef28b9669eab,2025-03-20T09:56:05.000000,1.00009135269706,0.0005413968961744944
0xb90839A51511042c69553AC4e60aa184449f5bc7,polygon,aPolDAI,4.362157919537729,0x0000000000000000000000000000000000000000,0xb90839a51511042c69553ac4e60aa184449f5bc7,0xebcd06010e7e02bb36294246ee63cc31a49e6b920b21f4d09eb7f42863840d90,2025-03-20T12:58:19.000000,1.00009135269706,4.362556414428681
0xb90839A51511042c69553AC4e60aa184449f5bc7,polygon,aPolDAI,1.3720127146600907,0x0000000000000000000000000000000000000000,0xb90839a51511042c69553ac4e60aa184449f5bc7,0x9c1ed953876e22cc402ca821129896003daf41a047c545dd280fdc37bf330464,2025-03-21T01:21:37.000000,1.00017645212346,1.3722548092170066
0xb90839A51511042c69553AC4e60aa184449f5bc7,polygon,aPolDAI,5.025696953546724,0xb90839a51511042c69553ac4e60aa184449f5bc7,0x0000000000000000000000000000000000000000,0x3b62b99edbc8fd15066638293a6b1ab63eb257b65aa122ec2a9d418dee56c062,2025-03-21T07:10:23.000000,1.00017645212346,5.026583748446043
0xb90839A51511042c69553AC4e60aa184449f5bc7,polygon,aPolDAI,0.000516536500258294,0x0000000000000000000000000000000000000000,0xb90839a51511042c69553ac4e60aa184449f5bc7,0xf774c4a6bde2ef7c0444c2a3da8b40f1649df6fecc4aee9d3dcdefdb7fe5ce7a,2025-03-21T07:26:59.000000,1.00017645212346,0.0005166276442206092
0xb90839A51511042c69553AC4e60aa184449f5bc7,polygon,aPolDAI,6.3757954061873905,0x0000000000000000000000000000000000000000,0xb90839a51511042c69553ac4e60aa184449f5bc7,0xce83580f8e7a3160b032809242b9b43050280d2e1ef99dffa564baf5f12fa00c,2025-03-23T04:26:07.000000,1.0002490428067,6.377383252170292
0xb90839A51511042c69553AC4e60aa184449f5bc7,polygon,aPolDAI,4.799346225854692,0xb90839a51511042c69553ac4e60aa184449f5bc7,0x0000000000000000000000000000000000000000,0x62aec64745b1be5d197ac69f10dead0e110d49652cd8decafea618897281c83f,2025-03-23T04:28:41.000000,1.0002490428067,4.8005414685091035
0xb90839A51511042c69553AC4e60aa184449f5bc7,polygon,aPolDAI,0.000126900404997447,0x0000000000000000000000000000000000000000,0xb90839a51511042c69553ac4e60aa184449f5bc7,0xa32ce939103d42346b4b306b2fa694a37931dc3fb708167b8a73e4a4cf846176,2025-03-23T04:44:35.000000,1.0002490428067,0.0001269320086304789
0xb90839A51511042c69553AC4e60aa184449f5bc7,polygon,aPolDAI,4.798715211495564,0x0000000000000000000000000000000000000000,0xb90839a51511042c69553ac4e60aa184449f5bc7,0x73f96b37eba12d7480dd8e33ab2cd1868b0d47440db87db41d8c31af9b004769,2025-03-23T08:13:59.000000,1.0002490428067,4.799910297000388
0xb90839A51511042c69553AC4e60aa184449f5bc7,polygon,aPolDAI,4.798753133058163,0xb90839a51511042c69553ac4e60aa184449f5bc7,0x0000000000000000000000000000000000000000,0x28aded1c8830c9365e74946474acd664418a6c1e2e2c98c0f24926d87f005d73,2025-03-23T09:48:01.000000,1.0002490428067,4.7999482280070795
0xb90839A51511042c69553AC4e60aa184449f5bc7,polygon,aPolDAI,0.000379581006601921,0x0000000000000000000000000000000000000000,0xb90839a51511042c69553ac4e60aa184449f5bc7,0xa2e29389cb21bc6b91c754bd85d02322f43494437cfc7037074e84f8755790fe,2025-03-23T10:03:25.000000,1.0002490428067,0.0003796755385211751
0xb90839A51511042c69553AC4e60aa184449f5bc7,polygon,aPolDAI,4.797883793669063,0x0000000000000000000000000000000000000000,0xb90839a51511042c69553ac4e60aa184449f5bc7,0x0245f2cff0e5053849d8045dc710d81f1a4abf75900ffa3934d93097ee5c18cc,2025-03-23T10:58:23.000000,1.0002490428067,4.799078672115258
0xb90839A51511042c69553AC4e60aa184449f5bc7,polygon,aPolDAI,4.797416354707439,0xb90839a51511042c69553ac4e60aa184449f5bc7,0x0000000000000000000000000000000000000000,0x1978ef2883362352a4f4ea46018a71fbed22c5d6ebf9b33947c5e179aefc129e,2025-03-23T12:34:23.000000,1.0002490428067,4.7986111167413235
0xb90839A51511042c69553AC4e60aa184449f5bc7,polygon,aPolDAI,0.000452423880275368,0x0000000000000000000000000000000000000000,0xb90839a51511042c69553ac4e60aa184449f5bc7,0xea079dabe4f7aaf617a180a53de4406ed1ff793f8c26eb3ae44a7e4133d90a4d,2025-03-23T12:47:25.000000,1.0002490428067,0.0004525365531883298
0xb90839A51511042c69553AC4e60aa184449f5bc7,polygon,aPolDAI,1.509372376409089,0xb90839a51511042c69553ac4e60aa184449f5bc7,0x0000000000000000000000000000000000000000,0x990b94643990def0fcd0ec88cdc79d61bdbd5c8b7e77bdb40cb8844fab732274,2025-03-24T02:04:01.000000,1.00009698130848,1.5095187573171365
0xb90839A51511042c69553AC4e60aa184449f5bc7,polygon,aPolDAI,6.311846500043674,0x0000000000000000000000000000000000000000,0xb90839a51511042c69553ac4e60aa184449f5bc7,0x7221ffbcf05a2eea63a7ee34d1cc7cc3142974385e2c21e07bcbf78e7a8513f5,2025-03-24T23:13:36.000000,1.00009698130848,6.312458631176173
0xb90839A51511042c69553AC4e60aa184449f5bc7,polygon,aPolDAI,6.309271148373368,0xb90839a51511042c69553ac4e60aa184449f5bc7,0x0000000000000000000000000000000000000000,0x37889fb683360f152d00fc5ad87419ceadaaa63eca8143c112bf78e7da112ca4,2025-03-25T11:40:28.000000,1.00012762313567,6.310076357341115
0xb90839A51511042c69553AC4e60aa184449f5bc7,polygon,aPolDAI,0.000124891646420522,0x0000000000000000000000000000000000000000,0xb90839a51511042c69553ac4e60aa184449f5bc7,0xda01c003b4c9b920df023e43c539617a6cfb5cd283866d9ad08d7b4511a1b20e,2025-03-25T11:58:58.000000,1.00012762313567,0.00012490758548405718
0xb90839A51511042c69553AC4e60aa184449f5bc7,polygon,aPolDAI,6.311687261830269,0x0000000000000000000000000000000000000000,0xb90839a51511042c69553ac4e60aa184449f5bc7,0xe95f5e42a6de36b8a9bef5ea0c9e66839173784607a4e10fb3211a58b60e6aa4,2025-03-25T12:17:14.000000,1.00012762313567,6.312492779149991
0xb90839A51511042c69553AC4e60aa184449f5bc7,polygon,aPolDAI,4.232470937003641,0xb90839a51511042c69553ac4e60aa184449f5bc7,0x0000000000000000000000000000000000000000,0x4fb366fe0102fbc84bcc3beb2faf351aaf5fa879161af5c3c1c60818201973c1,2025-03-27T23:16:14.000000,1.00000755242804,4.232502902435824
0xb90839A51511042c69553AC4e60aa184449f5bc7,polygon,aPolDAI,1.8875966183773945,0xb90839a51511042c69553ac4e60aa184449f5bc7,0x0000000000000000000000000000000000000000,0xf27b9a6619570b55bf73888a7dc4039e8dfff87cab7a06566204851d0a28c284,2025-04-13T13:48:51.000000,1.00031142071077,1.8881844550579365
0xb90839A51511042c69553AC4e60aa184449f5bc7,polygon,aPolDAI,4.059639627130226,0xb90839a51511042c69553ac4e60aa184449f5bc7,0x0000000000000000000000000000000000000000,0x84e6f6e806f25818fa90ad9d51489f24943f888b6fcf712d67d51fe1387255ff,2025-04-14T16:40:34.000000,1.00064970341909,4.062277188876245
0xb90839A51511042c69553AC4e60aa184449f5bc7,polygon,aPolDAI,0.001844871197884205,0x0000000000000000000000000000000000000000,0xb90839a51511042c69553ac4e60aa184449f5bc7,0xa63d36c729cefd28956fa357040ec99cce2aa670a8afd283a0f33602de5fc4c4,2025-04-14T16:58:08.000000,1.00064970341909,0.001846069817009251
0xb90839A51511042c69553AC4e60aa184449f5bc7,polygon,aPolDAI,1.5810965018386782,0x0000000000000000000000000000000000000000,0xb90839a51511042c69553ac4e60aa184449f5bc7,0x07c4bfe5a86676f82e5d4bb8218443f36e77289676b1254cac727ba1dd1b1ee9,2025-04-15T22:44:37.000000,1.00025568706781,1.5815007677671582
0xb90839A51511042c69553AC4e60aa184449f5bc7,polygon,aPolDAI,0.000229394720217224,0x0000000000000000000000000000000000000000,0xb90839a51511042c69553ac4e60aa184449f5bc7,0x14e026b2f1b10608d0aab9f5106336fc63d837aafb8f56ea41690aef86258b01,2025-04-15T22:53:39.000000,1.00025568706781,0.00022945337348060746
0xb90839A51511042c69553AC4e60aa184449f5bc7,polygon,aPolDAI,4.5312280881223295,0x0000000000000000000000000000000000000000,0xb90839a51511042c69553ac4e60aa184449f5bc7,0x263585a2814f2ed2ff60798487d191b820ca0614fa8135c80684b9bfccbd5707,2025-04-16T17:14:04.000000,1.00080832967675,4.534890814258082
0xb90839A51511042c69553AC4e60aa184449f5bc7,polygon,aPolDAI,30.921864857167463,0xb90839a51511042c69553ac4e60aa184449f5bc7,0x0000000000000000000000000000000000000000,0x38d333c903d735b85a1ab2073e22766453674ff9c44a92fc0bdb3d48d53a2a52,2025-04-23T04:26:11.000000,1.00031831331129,30.93170769836141
